acquisition_month,channel,cohort_month,customers_active,monthly_revenue,gross_profit
2022-01,google_ads,0,104,5019.13,3613.77
2022-01,google_ads,1,98,4670.38,3362.67
2022-01,google_ads,2,93,4404.52,3171.25
2022-01,google_ads,3,87,3999.93,2879.95
2022-01,google_ads,4,83,3817.91,2748.9
2022-01,google_ads,5,79,3945.25,2840.58
2022-01,google_ads,6,74,3578.22,2576.32
2022-01,google_ads,7,71,3411.11,2456.0
2022-01,google_ads,8,67,3122.22,2248.0
2022-01,google_ads,9,63,3022.71,2176.35
2022-01,google_ads,10,59,2918.82,2101.55
2022-01,google_ads,11,57,2708.73,1950.29
2022-01,google_ads,12,53,2587.36,1862.9
2022-02,google_ads,0,88,4291.03,3089.54
2022-02,google_ads,1,83,3842.75,2766.78
2022-02,google_ads,2,78,3605.69,2596.1
2022-02,google_ads,3,74,3728.6,2684.59
2022-02,google_ads,4,70,3332.81,2399.62
2022-02,google_ads,5,66,3163.89,2278.0
2022-02,google_ads,6,62,3132.46,2255.37
2022-02,google_ads,7,59,2971.67,2139.6
2022-02,google_ads,8,55,2584.34,1860.72
2022-02,google_ads,9,52,2436.45,1754.24
2022-02,google_ads,10,50,2320.28,1670.6
2022-02,google_ads,11,47,2180.36,1569.86
2022-02,google_ads,12,44,2234.04,1608.51
2022-03,google_ads,0,104,5148.98,3707.27
2022-03,google_ads,1,98,4554.59,3279.3
2022-03,google_ads,2,92,4517.09,3252.3
2022-03,google_ads,3,87,4284.95,3085.16
2022-03,google_ads,4,81,3849.54,2771.67
2022-03,google_ads,5,77,3833.54,2760.15
2022-03,google_ads,6,73,3687.61,2655.08
2022-03,google_ads,7,69,3284.35,2364.73
2022-03,google_ads,8,65,3078.96,2216.85
2022-03,google_ads,9,61,3039.62,2188.53
2022-03,google_ads,10,57,2846.15,2049.23
2022-03,google_ads,11,54,2508.46,1806.09
2022-03,google_ads,12,51,2452.4,1765.73
2022-04,google_ads,0,116,5467.8,3936.82
2022-04,google_ads,1,108,5167.53,3720.62
2022-04,google_ads,2,103,5182.09,3731.1
2022-04,google_ads,3,98,4654.23,3351.05
2022-04,google_ads,4,92,4644.23,3343.85
2022-04,google_ads,5,87,4249.47,3059.62
2022-04,google_ads,6,82,3885.03,2797.22
2022-04,google_ads,7,78,3824.96,2753.97
2022-04,google_ads,8,73,3640.78,2621.36
2022-04,google_ads,9,69,3190.18,2296.93
2022-04,google_ads,10,65,3004.44,2163.2
2022-04,google_ads,11,61,2950.71,2124.51
2022-04,google_ads,12,58,2744.3,1975.9
2022-05,google_ads,0,98,4536.06,3265.96
2022-05,google_ads,1,92,4477.29,3223.65
2022-05,google_ads,2,87,4035.61,2905.64
2022-05,google_ads,3,82,3795.77,2732.95
2022-05,google_ads,4,77,3802.88,2738.07
2022-05,google_ads,5,73,3399.59,2447.7
2022-05,google_ads,6,69,3281.5,2362.68
2022-05,google_ads,7,65,3246.06,2337.16
2022-05,google_ads,8,61,3094.68,2228.17
2022-05,google_ads,9,57,2742.24,1974.41
2022-05,google_ads,10,55,2716.21,1955.67
2022-05,google_ads,11,51,2476.15,1782.83
2022-05,google_ads,12,48,2250.07,1620.05
2022-06,google_ads,0,116,5295.92,3813.06
2022-06,google_ads,1,109,5031.05,3622.36
2022-06,google_ads,2,104,4816.65,3467.99
2022-06,google_ads,3,98,4836.56,3482.32
2022-06,google_ads,4,92,4660.16,3355.32
2022-06,google_ads,5,87,4128.11,2972.24
2022-06,google_ads,6,82,3851.36,2772.98
2022-06,google_ads,7,77,3531.59,2542.74
2022-06,google_ads,8,72,3320.76,2390.95
2022-06,google_ads,9,68,3274.94,2357.96
2022-06,google_ads,10,63,2929.29,2109.09
2022-06,google_ads,11,60,3024.27,2177.47
2022-06,google_ads,12,56,2764.03,1990.1
2022-07,google_ads,0,102,4873.74,3509.09
2022-07,google_ads,1,96,4655.34,3351.84
2022-07,google_ads,2,90,4135.05,2977.24
2022-07,google_ads,3,85,4294.44,3092.0
2022-07,google_ads,4,80,3839.78,2764.64
2022-07,google_ads,5,75,3556.14,2560.42
2022-07,google_ads,6,71,3443.24,2479.13
2022-07,google_ads,7,68,3301.46,2377.05
2022-07,google_ads,8,64,3264.67,2350.56
2022-07,google_ads,9,60,2978.25,2144.34
2022-07,google_ads,10,57,2705.49,1947.95
2022-07,google_ads,11,54,2639.93,1900.75
2022-07,google_ads,12,51,2565.17,1846.92
2022-08,google_ads,0,104,5216.54,3755.91
2022-08,google_ads,1,97,4752.14,3421.54
2022-08,google_ads,2,92,4639.17,3340.2
2022-08,google_ads,3,86,3985.43,2869.51
2022-08,google_ads,4,82,3929.16,2829.0
2022-08,google_ads,5,77,3921.31,2823.34
2022-08,google_ads,6,74,3588.5,2583.72
2022-08,google_ads,7,70,3524.69,2537.78
2022-08,google_ads,8,65,3269.32,2353.91
2022-08,google_ads,9,62,2964.57,2134.49
2022-08,google_ads,10,59,2710.92,1951.86
2022-08,google_ads,11,55,2747.02,1977.85
2022-08,google_ads,12,51,2619.13,1885.77
2022-09,google_ads,0,126,6210.68,4471.69
2022-09,google_ads,1,118,5869.26,4225.87
2022-09,google_ads,2,112,5356.09,3856.38
2022-09,google_ads,3,106,5352.06,3853.48
2022-09,google_ads,4,100,4698.01,3382.57
2022-09,google_ads,5,94,4603.52,3314.53
2022-09,google_ads,6,89,4143.62,2983.41
2022-09,google_ads,7,84,4069.17,2929.8
2022-09,google_ads,8,79,3827.03,2755.46
2022-09,google_ads,9,74,3605.69,2596.1
2022-09,google_ads,10,70,3513.71,2529.87
2022-09,google_ads,11,66,3088.02,2223.37
2022-09,google_ads,12,63,3131.87,2254.95
2022-10,google_ads,0,138,6759.18,4866.61
2022-10,google_ads,1,131,6062.29,4364.85
2022-10,google_ads,2,124,5905.86,4252.22
2022-10,google_ads,3,117,5595.84,4029.0
2022-10,google_ads,4,111,5567.79,4008.81
2022-10,google_ads,5,105,5077.66,3655.92
2022-10,google_ads,6,99,4718.63,3397.41
2022-10,google_ads,7,93,4659.04,3354.51
2022-10,google_ads,8,87,4066.7,2928.02
2022-10,google_ads,9,82,3950.84,2844.6
2022-10,google_ads,10,78,3736.93,2690.59
2022-10,google_ads,11,73,3513.57,2529.77
2022-10,google_ads,12,69,3377.17,2431.56
2022-11,google_ads,0,175,8043.73,5791.49
2022-11,google_ads,1,166,7692.27,5538.43
2022-11,google_ads,2,158,7321.56,5271.52
2022-11,google_ads,3,149,6932.69,4991.54
2022-11,google_ads,4,141,7054.1,5078.95
2022-11,google_ads,5,133,6522.11,4695.92
2022-11,google_ads,6,127,5908.91,4254.42
2022-11,google_ads,7,120,5615.12,4042.89
2022-11,google_ads,8,114,5331.25,3838.5
2022-11,google_ads,9,109,5044.65,3632.15
2022-11,google_ads,10,103,4812.96,3465.33
2022-11,google_ads,11,97,4698.56,3382.96
2022-11,google_ads,12,92,4220.07,3038.45
2022-12,google_ads,0,164,7972.68,5740.33
2022-12,google_ads,1,156,7773.3,5596.78
2022-12,google_ads,2,146,6720.67,4838.88
2022-12,google_ads,3,138,6872.65,4948.31
2022-12,google_ads,4,130,6076.44,4375.04
2022-12,google_ads,5,124,5882.19,4235.18
2022-12,google_ads,6,117,5699.75,4103.82
2022-12,google_ads,7,111,5315.51,3827.17
2022-12,google_ads,8,104,4787.66,3447.12
2022-12,google_ads,9,99,4866.31,3503.74
2022-12,google_ads,10,93,4476.75,3223.26
2022-12,google_ads,11,87,4057.32,2921.27
2022-12,google_ads,12,83,4007.64,2885.5
2023-01,google_ads,0,128,6002.22,4321.6
2023-01,google_ads,1,121,5539.27,3988.27
2023-01,google_ads,2,114,5356.43,3856.63
2023-01,google_ads,3,108,5029.14,3620.98
2023-01,google_ads,4,102,4952.63,3565.89
2023-01,google_ads,5,96,4756.0,3424.32
2023-01,google_ads,6,91,4187.78,3015.2
2023-01,google_ads,7,85,4161.12,2996.01
2023-01,google_ads,8,80,3855.17,2775.72
2023-01,google_ads,9,76,3612.23,2600.81
2023-01,google_ads,10,72,3548.37,2554.83
2023-01,google_ads,11,68,3253.4,2342.45
2023-01,google_ads,12,64,3125.57,2250.41
2023-02,google_ads,0,111,5115.83,3683.4
2023-02,google_ads,1,105,4936.79,3554.49
2023-02,google_ads,2,100,4664.31,3358.3
2023-02,google_ads,3,95,4418.29,3181.17
2023-02,google_ads,4,89,4106.43,2956.63
2023-02,google_ads,5,84,4012.6,2889.07
2023-02,google_ads,6,79,3646.77,2625.67
2023-02,google_ads,7,74,3760.31,2707.42
2023-02,google_ads,8,70,3479.42,2505.18
2023-02,google_ads,9,66,3095.14,2228.5
2023-02,google_ads,10,62,3145.02,2264.41
2023-02,google_ads,11,59,2867.25,2064.42
2023-02,google_ads,12,56,2773.4,1996.85
2023-03,google_ads,0,113,5328.36,3836.42
2023-03,google_ads,1,106,5136.26,3698.11
2023-03,google_ads,2,101,4684.24,3372.65
2023-03,google_ads,3,95,4497.92,3238.5
2023-03,google_ads,4,90,4186.28,3014.12
2023-03,google_ads,5,85,4112.37,2960.91
2023-03,google_ads,6,81,3840.09,2764.86
2023-03,google_ads,7,77,3550.61,2556.44
2023-03,google_ads,8,72,3416.71,2460.03
2023-03,google_ads,9,68,3189.18,2296.21
2023-03,google_ads,10,64,3159.94,2275.16
2023-03,google_ads,11,60,2897.28,2086.04
2023-03,google_ads,12,57,2708.4,1950.05
2023-04,google_ads,0,141,6991.76,5034.07
2023-04,google_ads,1,132,6105.49,4395.95
2023-04,google_ads,2,124,6232.48,4487.39
2023-04,google_ads,3,118,5427.81,3908.02
2023-04,google_ads,4,111,5378.9,3872.81
2023-04,google_ads,5,104,4834.7,3480.98
2023-04,google_ads,6,98,4574.4,3293.57
2023-04,google_ads,7,93,4331.45,3118.64
2023-04,google_ads,8,87,4281.74,3082.85
2023-04,google_ads,9,82,3922.72,2824.36
2023-04,google_ads,10,77,3695.11,2660.48
2023-04,google_ads,11,73,3488.96,2512.05
2023-04,google_ads,12,69,3311.98,2384.63
2023-05,google_ads,0,138,6788.02,4887.37
2023-05,google_ads,1,130,6091.76,4386.07
2023-05,google_ads,2,122,5805.65,4180.07
2023-05,google_ads,3,115,5772.02,4155.85
2023-05,google_ads,4,108,5029.77,3621.43
2023-05,google_ads,5,102,4967.16,3576.36
2023-05,google_ads,6,96,4480.46,3225.93
2023-05,google_ads,7,91,4422.41,3184.14
2023-05,google_ads,8,85,4289.74,3088.61
2023-05,google_ads,9,80,3745.36,2696.66
2023-05,google_ads,10,76,3586.62,2582.37
2023-05,google_ads,11,72,3300.5,2376.36
2023-05,google_ads,12,68,3353.35,2414.41
2023-06,google_ads,0,150,7086.3,5102.14
2023-06,google_ads,1,140,6502.39,4681.72
2023-06,google_ads,2,132,6118.3,4405.18
2023-06,google_ads,3,125,6195.14,4460.5
2023-06,google_ads,4,119,5565.27,4006.99
2023-06,google_ads,5,112,5503.03,3962.18
2023-06,google_ads,6,105,5174.31,3725.5
2023-06,google_ads,7,99,4674.15,3365.39
2023-06,google_ads,8,94,4397.09,3165.9
2023-06,google_ads,9,88,4296.83,3093.72
2023-06,google_ads,10,84,4018.57,2893.37
2023-06,google_ads,11,78,3651.15,2628.83
2023-06,google_ads,12,74,3570.95,2571.08
2023-07,google_ads,0,152,6944.41,4999.98
2023-07,google_ads,1,142,7145.92,5145.06
2023-07,google_ads,2,134,6592.97,4746.94
2023-07,google_ads,3,126,6190.81,4457.38
2023-07,google_ads,4,120,5810.3,4183.42
2023-07,google_ads,5,113,5397.74,3886.37
2023-07,google_ads,6,106,5340.98,3845.51
2023-07,google_ads,7,100,4777.57,3439.85
2023-07,google_ads,8,95,4789.22,3448.24
2023-07,google_ads,9,89,4129.93,2973.55
2023-07,google_ads,10,83,4174.07,3005.33
2023-07,google_ads,11,79,3837.25,2762.82
2023-07,google_ads,12,74,3439.47,2476.42
2023-08,google_ads,0,166,8209.31,5910.7
2023-08,google_ads,1,158,7468.43,5377.27
2023-08,google_ads,2,149,7216.82,5196.11
2023-08,google_ads,3,140,6641.04,4781.55
2023-08,google_ads,4,133,6542.53,4710.62
2023-08,google_ads,5,125,5877.84,4232.04
2023-08,google_ads,6,119,5511.3,3968.14
2023-08,google_ads,7,113,5431.83,3910.92
2023-08,google_ads,8,107,5354.46,3855.21
2023-08,google_ads,9,101,4909.34,3534.72
2023-08,google_ads,10,95,4368.04,3144.99
2023-08,google_ads,11,90,4187.38,3014.91
2023-08,google_ads,12,84,3913.3,2817.58
2023-09,google_ads,0,155,7131.5,5134.68
2023-09,google_ads,1,145,6971.33,5019.36
2023-09,google_ads,2,136,6290.83,4529.4
2023-09,google_ads,3,128,6007.25,4325.22
2023-09,google_ads,4,120,5634.63,4056.93
2023-09,google_ads,5,114,5260.49,3787.55
2023-09,google_ads,6,108,5249.1,3779.35
2023-09,google_ads,7,103,5102.64,3673.9
2023-09,google_ads,8,97,4707.98,3389.75
2023-09,google_ads,9,92,4398.72,3167.08
2023-09,google_ads,10,87,4049.48,2915.63
2023-09,google_ads,11,83,4129.6,2973.31
2023-09,google_ads,12,77,3689.54,2656.47
2023-10,google_ads,0,188,9153.95,6590.84
2023-10,google_ads,1,177,8135.89,5857.84
2023-10,google_ads,2,169,8295.33,5972.64
2023-10,google_ads,3,159,7290.2,5248.94
2023-10,google_ads,4,151,7070.9,5091.05
2023-10,google_ads,5,142,6517.24,4692.41
2023-10,google_ads,6,135,6709.61,4830.92
2023-10,google_ads,7,128,6285.06,4525.24
2023-10,google_ads,8,122,5641.37,4061.79
2023-10,google_ads,9,116,5702.44,4105.76
2023-10,google_ads,10,109,5411.9,3896.57
2023-10,google_ads,11,103,5043.01,3630.97
2023-10,google_ads,12,98,4613.56,3321.76
2023-11,google_ads,0,210,9589.11,6904.16
2023-11,google_ads,1,199,9314.27,6706.27
2023-11,google_ads,2,190,8850.57,6372.41
2023-11,google_ads,3,179,8558.69,6162.26
2023-11,google_ads,4,168,8353.13,6014.25
2023-11,google_ads,5,159,7487.4,5390.93
2023-11,google_ads,6,151,7330.84,5278.2
2023-11,google_ads,7,143,6979.03,5024.9
2023-11,google_ads,8,135,6558.58,4722.18
2023-11,google_ads,9,128,6045.77,4352.95
2023-11,google_ads,10,120,5940.03,4276.82
2023-11,google_ads,11,114,5706.31,4108.54
2023-11,google_ads,12,108,5407.22,3893.2
2023-12,google_ads,0,191,9099.44,6551.6
2023-12,google_ads,1,181,8533.91,6144.42
2023-12,google_ads,2,171,8359.63,6018.93
2023-12,google_ads,3,163,7546.41,5433.42
2023-12,google_ads,4,153,7711.18,5552.05
2023-12,google_ads,5,144,6719.17,4837.8
2023-12,google_ads,6,137,6273.82,4517.15
2023-12,google_ads,7,128,5947.32,4282.07
2023-12,google_ads,8,121,5703.92,4106.82
2023-12,google_ads,9,114,5593.02,4026.97
2023-12,google_ads,10,107,5024.62,3617.73
2023-12,google_ads,11,102,4754.5,3423.24
2023-12,google_ads,12,96,4802.83,3458.04
2022-01,facebook_ads,0,60,2363.52,1654.46
2022-01,facebook_ads,1,54,2069.19,1448.43
2022-01,facebook_ads,2,49,1925.68,1347.98
2022-01,facebook_ads,3,45,1791.22,1253.85
2022-01,facebook_ads,4,42,1605.72,1124.0
2022-01,facebook_ads,5,38,1452.0,1016.4
2022-01,facebook_ads,6,35,1351.8,946.26
2022-01,facebook_ads,7,32,1250.17,875.12
2022-01,facebook_ads,8,30,1202.74,841.92
2022-01,facebook_ads,9,27,1093.54,765.48
2022-01,facebook_ads,10,25,1014.22,709.95
2022-01,facebook_ads,11,23,926.39,648.47
2022-01,facebook_ads,12,21,798.19,558.73
2022-02,facebook_ads,0,60,2362.25,1653.57
2022-02,facebook_ads,1,55,2173.15,1521.2
2022-02,facebook_ads,2,51,1957.51,1370.26
2022-02,facebook_ads,3,46,1742.65,1219.86
2022-02,facebook_ads,4,43,1722.66,1205.86
2022-02,facebook_ads,5,39,1575.44,1102.81
2022-02,facebook_ads,6,36,1385.92,970.14
2022-02,facebook_ads,7,33,1332.97,933.08
2022-02,facebook_ads,8,30,1154.97,808.48
2022-02,facebook_ads,9,27,1067.31,747.12
2022-02,facebook_ads,10,25,1046.4,732.48
2022-02,facebook_ads,11,23,973.01,681.11
2022-02,facebook_ads,12,21,829.02,580.31
2022-03,facebook_ads,0,80,3236.36,2265.45
2022-03,facebook_ads,1,72,2933.59,2053.51
2022-03,facebook_ads,2,66,2651.85,1856.29
2022-03,facebook_ads,3,60,2306.89,1614.82
2022-03,facebook_ads,4,55,2112.14,1478.5
2022-03,facebook_ads,5,50,2055.9,1439.13
2022-03,facebook_ads,6,46,1866.98,1306.89
2022-03,facebook_ads,7,42,1607.2,1125.04
2022-03,facebook_ads,8,39,1584.52,1109.16
2022-03,facebook_ads,9,36,1441.92,1009.34
2022-03,facebook_ads,10,33,1360.5,952.35
2022-03,facebook_ads,11,30,1235.52,864.86
2022-03,facebook_ads,12,27,1126.06,788.24
2022-04,facebook_ads,0,76,2910.38,2037.27
2022-04,facebook_ads,1,69,2572.1,1800.47
2022-04,facebook_ads,2,63,2402.76,1681.93
2022-04,facebook_ads,3,58,2193.11,1535.18
2022-04,facebook_ads,4,53,2057.67,1440.37
2022-04,facebook_ads,5,48,1825.18,1277.63
2022-04,facebook_ads,6,45,1767.27,1237.09
2022-04,facebook_ads,7,41,1574.32,1102.02
2022-04,facebook_ads,8,37,1523.56,1066.49
2022-04,facebook_ads,9,34,1306.62,914.63
2022-04,facebook_ads,10,32,1294.29,906.0
2022-04,facebook_ads,11,29,1203.93,842.75
2022-04,facebook_ads,12,27,1111.2,777.84
2022-05,facebook_ads,0,69,2824.99,1977.49
2022-05,facebook_ads,1,63,2546.49,1782.54
2022-05,facebook_ads,2,58,2278.23,1594.76
2022-05,facebook_ads,3,53,2166.52,1516.56
2022-05,facebook_ads,4,48,1943.12,1360.18
2022-05,facebook_ads,5,44,1727.31,1209.12
2022-05,facebook_ads,6,40,1546.58,1082.61
2022-05,facebook_ads,7,37,1451.65,1016.16
2022-05,facebook_ads,8,34,1332.28,932.6
2022-05,facebook_ads,9,32,1199.8,839.86
2022-05,facebook_ads,10,29,1226.21,858.35
2022-05,facebook_ads,11,27,1062.95,744.06
2022-05,facebook_ads,12,25,954.77,668.34
2022-06,facebook_ads,0,68,2727.94,1909.56
2022-06,facebook_ads,1,63,2441.04,1708.73
2022-06,facebook_ads,2,57,2336.01,1635.21
2022-06,facebook_ads,3,52,2078.24,1454.77
2022-06,facebook_ads,4,48,1996.75,1397.72
2022-06,facebook_ads,5,45,1837.67,1286.37
2022-06,facebook_ads,6,41,1626.32,1138.42
2022-06,facebook_ads,7,37,1436.77,1005.74
2022-06,facebook_ads,8,35,1329.0,930.3
2022-06,facebook_ads,9,32,1301.04,910.73
2022-06,facebook_ads,10,29,1114.95,780.46
2022-06,facebook_ads,11,27,1098.0,768.6
2022-06,facebook_ads,12,24,1007.07,704.95
2022-07,facebook_ads,0,74,2856.06,1999.24
2022-07,facebook_ads,1,67,2682.59,1877.81
2022-07,facebook_ads,2,62,2514.66,1760.26
2022-07,facebook_ads,3,57,2192.05,1534.44
2022-07,facebook_ads,4,53,2086.62,1460.63
2022-07,facebook_ads,5,48,1816.44,1271.51
2022-07,facebook_ads,6,44,1680.59,1176.41
2022-07,facebook_ads,7,40,1657.52,1160.26
2022-07,facebook_ads,8,37,1499.17,1049.42
2022-07,facebook_ads,9,33,1337.58,936.31
2022-07,facebook_ads,10,30,1157.61,810.33
2022-07,facebook_ads,11,28,1097.04,767.93
2022-07,facebook_ads,12,26,1049.57,734.7
2022-08,facebook_ads,0,78,2914.55,2040.18
2022-08,facebook_ads,1,72,2865.06,2005.54
2022-08,facebook_ads,2,66,2703.87,1892.71
2022-08,facebook_ads,3,61,2393.59,1675.51
2022-08,facebook_ads,4,56,2267.44,1587.21
2022-08,facebook_ads,5,51,2060.31,1442.22
2022-08,facebook_ads,6,47,1811.79,1268.25
2022-08,facebook_ads,7,43,1735.76,1215.03
2022-08,facebook_ads,8,39,1594.85,1116.39
2022-08,facebook_ads,9,35,1429.74,1000.82
2022-08,facebook_ads,10,32,1299.26,909.48
2022-08,facebook_ads,11,29,1177.79,824.45
2022-08,facebook_ads,12,27,1025.07,717.55
2022-09,facebook_ads,0,73,2952.86,2067.0
2022-09,facebook_ads,1,67,2732.74,1912.92
2022-09,facebook_ads,2,62,2413.21,1689.25
2022-09,facebook_ads,3,57,2161.85,1513.29
2022-09,facebook_ads,4,52,2104.41,1473.09
2022-09,facebook_ads,5,47,1777.1,1243.97
2022-09,facebook_ads,6,44,1746.06,1222.24
2022-09,facebook_ads,7,40,1584.54,1109.18
2022-09,facebook_ads,8,37,1464.29,1025.0
2022-09,facebook_ads,9,33,1362.1,953.47
2022-09,facebook_ads,10,31,1261.27,882.89
2022-09,facebook_ads,11,28,1179.33,825.53
2022-09,facebook_ads,12,26,1052.88,737.02
2022-10,facebook_ads,0,102,3819.88,2673.92
2022-10,facebook_ads,1,92,3676.83,2573.78
2022-10,facebook_ads,2,85,3284.74,2299.32
2022-10,facebook_ads,3,78,2927.1,2048.97
2022-10,facebook_ads,4,71,2759.21,1931.45
2022-10,facebook_ads,5,65,2447.79,1713.45
2022-10,facebook_ads,6,59,2440.91,1708.64
2022-10,facebook_ads,7,54,2165.32,1515.72
2022-10,facebook_ads,8,50,2009.15,1406.4
2022-10,facebook_ads,9,46,1733.86,1213.7
2022-10,facebook_ads,10,43,1677.55,1174.28
2022-10,facebook_ads,11,39,1558.63,1091.04
2022-10,facebook_ads,12,36,1375.25,962.68
2022-11,facebook_ads,0,99,3832.5,2682.75
2022-11,facebook_ads,1,91,3429.63,2400.74
2022-11,facebook_ads,2,82,3294.86,2306.4
2022-11,facebook_ads,3,76,2864.57,2005.2
2022-11,facebook_ads,4,70,2773.21,1941.25
2022-11,facebook_ads,5,64,2636.02,1845.21
2022-11,facebook_ads,6,59,2321.31,1624.92
2022-11,facebook_ads,7,54,2102.96,1472.07
2022-11,facebook_ads,8,49,1919.06,1343.34
2022-11,facebook_ads,9,45,1877.36,1314.15
2022-11,facebook_ads,10,42,1712.79,1198.95
2022-11,facebook_ads,11,39,1479.96,1035.97
2022-11,facebook_ads,12,36,1437.78,1006.45
2022-12,facebook_ads,0,108,4365.47,3055.83
2022-12,facebook_ads,1,99,4050.55,2835.38
2022-12,facebook_ads,2,91,3714.08,2599.86
2022-12,facebook_ads,3,83,3352.36,2346.65
2022-12,facebook_ads,4,76,3046.1,2132.27
2022-12,facebook_ads,5,69,2615.81,1831.07
2022-12,facebook_ads,6,64,2630.73,1841.51
2022-12,facebook_ads,7,59,2378.74,1665.12
2022-12,facebook_ads,8,54,2040.65,1428.46
2022-12,facebook_ads,9,50,2003.93,1402.75
2022-12,facebook_ads,10,46,1755.28,1228.7
2022-12,facebook_ads,11,42,1589.06,1112.34
2022-12,facebook_ads,12,39,1486.72,1040.7
2023-01,facebook_ads,0,74,2831.27,1981.89
2023-01,facebook_ads,1,68,2522.98,1766.09
2023-01,facebook_ads,2,63,2436.44,1705.51
2023-01,facebook_ads,3,58,2284.8,1599.36
2023-01,facebook_ads,4,53,2128.99,1490.29
2023-01,facebook_ads,5,48,1951.66,1366.16
2023-01,facebook_ads,6,45,1760.91,1232.64
2023-01,facebook_ads,7,41,1594.6,1116.22
2023-01,facebook_ads,8,38,1429.99,1000.99
2023-01,facebook_ads,9,34,1377.53,964.27
2023-01,facebook_ads,10,31,1250.44,875.31
2023-01,facebook_ads,11,29,1136.02,795.21
2023-01,facebook_ads,12,27,1017.06,711.94
2023-02,facebook_ads,0,71,2639.74,1847.82
2023-02,facebook_ads,1,65,2544.15,1780.9
2023-02,facebook_ads,2,61,2399.18,1679.43
2023-02,facebook_ads,3,55,2241.99,1569.39
2023-02,facebook_ads,4,51,1947.16,1363.01
2023-02,facebook_ads,5,47,1894.06,1325.84
2023-02,facebook_ads,6,43,1625.95,1138.16
2023-02,facebook_ads,7,39,1478.33,1034.83
2023-02,facebook_ads,8,36,1448.86,1014.2
2023-02,facebook_ads,9,33,1317.48,922.24
2023-02,facebook_ads,10,30,1155.67,808.97
2023-02,facebook_ads,11,27,1024.23,716.96
2023-02,facebook_ads,12,24,975.69,682.98
2023-03,facebook_ads,0,79,3066.31,2146.42
2023-03,facebook_ads,1,72,2824.91,1977.44
2023-03,facebook_ads,2,65,2462.85,1724.0
2023-03,facebook_ads,3,61,2327.04,1628.93
2023-03,facebook_ads,4,56,2293.87,1605.71
2023-03,facebook_ads,5,52,2142.91,1500.04
2023-03,facebook_ads,6,48,1826.08,1278.26
2023-03,facebook_ads,7,44,1745.21,1221.65
2023-03,facebook_ads,8,40,1585.88,1110.12
2023-03,facebook_ads,9,36,1400.23,980.16
2023-03,facebook_ads,10,33,1365.62,955.93
2023-03,facebook_ads,11,30,1156.18,809.33
2023-03,facebook_ads,12,27,1042.38,729.67
2023-04,facebook_ads,0,78,2968.29,2077.8
2023-04,facebook_ads,1,71,2898.3,2028.81
2023-04,facebook_ads,2,65,2612.42,1828.69
2023-04,facebook_ads,3,60,2309.9,1616.93
2023-04,facebook_ads,4,55,2266.5,1586.55
2023-04,facebook_ads,5,51,2082.06,1457.44
2023-04,facebook_ads,6,47,1828.49,1279.94
2023-04,facebook_ads,7,43,1676.48,1173.54
2023-04,facebook_ads,8,39,1586.78,1110.75
2023-04,facebook_ads,9,35,1372.16,960.51
2023-04,facebook_ads,10,32,1338.2,936.74
2023-04,facebook_ads,11,30,1203.59,842.51
2023-04,facebook_ads,12,27,1112.98,779.09
2023-05,facebook_ads,0,82,3267.02,2286.91
2023-05,facebook_ads,1,74,2810.58,1967.41
2023-05,facebook_ads,2,68,2810.77,1967.54
2023-05,facebook_ads,3,63,2573.27,1801.29
2023-05,facebook_ads,4,58,2224.2,1556.94
2023-05,facebook_ads,5,53,2062.61,1443.83
2023-05,facebook_ads,6,48,1876.35,1313.44
2023-05,facebook_ads,7,44,1684.09,1178.86
2023-05,facebook_ads,8,41,1679.81,1175.87
2023-05,facebook_ads,9,38,1505.71,1054.0
2023-05,facebook_ads,10,35,1404.67,983.27
2023-05,facebook_ads,11,32,1327.14,929.0
2023-05,facebook_ads,12,29,1134.33,794.03
2023-06,facebook_ads,0,93,3507.22,2455.05
2023-06,facebook_ads,1,85,3273.58,2291.51
2023-06,facebook_ads,2,77,3007.09,2104.96
2023-06,facebook_ads,3,71,2831.22,1981.85
2023-06,facebook_ads,4,65,2469.67,1728.77
2023-06,facebook_ads,5,60,2256.5,1579.55
2023-06,facebook_ads,6,55,2193.7,1535.59
2023-06,facebook_ads,7,50,2050.95,1435.66
2023-06,facebook_ads,8,46,1820.63,1274.44
2023-06,facebook_ads,9,42,1592.57,1114.8
2023-06,facebook_ads,10,39,1486.91,1040.84
2023-06,facebook_ads,11,36,1418.14,992.7
2023-06,facebook_ads,12,32,1223.54,856.48
2023-07,facebook_ads,0,88,3415.59,2390.91
2023-07,facebook_ads,1,79,3056.7,2139.69
2023-07,facebook_ads,2,73,2727.03,1908.92
2023-07,facebook_ads,3,67,2777.29,1944.1
2023-07,facebook_ads,4,61,2282.08,1597.46
2023-07,facebook_ads,5,55,2207.67,1545.37
2023-07,facebook_ads,6,50,1970.17,1379.12
2023-07,facebook_ads,7,46,1814.05,1269.83
2023-07,facebook_ads,8,42,1599.9,1119.93
2023-07,facebook_ads,9,39,1513.17,1059.22
2023-07,facebook_ads,10,36,1366.53,956.57
2023-07,facebook_ads,11,33,1347.49,943.24
2023-07,facebook_ads,12,30,1214.95,850.46
2023-08,facebook_ads,0,105,4245.75,2972.02
2023-08,facebook_ads,1,97,3864.77,2705.34
2023-08,facebook_ads,2,88,3602.63,2521.84
2023-08,facebook_ads,3,80,3149.99,2204.99
2023-08,facebook_ads,4,73,2989.75,2092.82
2023-08,facebook_ads,5,67,2517.86,1762.5
2023-08,facebook_ads,6,61,2442.72,1709.9
2023-08,facebook_ads,7,56,2128.02,1489.61
2023-08,facebook_ads,8,51,1980.88,1386.62
2023-08,facebook_ads,9,46,1758.5,1230.95
2023-08,facebook_ads,10,42,1756.87,1229.81
2023-08,facebook_ads,11,39,1628.87,1140.21
2023-08,facebook_ads,12,36,1483.81,1038.67
2023-09,facebook_ads,0,89,3494.26,2445.98
2023-09,facebook_ads,1,81,3285.86,2300.1
2023-09,facebook_ads,2,74,2863.47,2004.43
2023-09,facebook_ads,3,68,2744.9,1921.43
2023-09,facebook_ads,4,62,2499.67,1749.77
2023-09,facebook_ads,5,57,2303.13,1612.19
2023-09,facebook_ads,6,53,2079.21,1455.45
2023-09,facebook_ads,7,49,1891.65,1324.16
2023-09,facebook_ads,8,45,1755.45,1228.82
2023-09,facebook_ads,9,41,1601.83,1121.28
2023-09,facebook_ads,10,38,1450.01,1015.01
2023-09,facebook_ads,11,35,1334.22,933.95
2023-09,facebook_ads,12,32,1286.73,900.71
2023-10,facebook_ads,0,113,4459.66,3121.76
2023-10,facebook_ads,1,103,4000.9,2800.63
2023-10,facebook_ads,2,94,3688.35,2581.84
2023-10,facebook_ads,3,86,3220.94,2254.66
2023-10,facebook_ads,4,79,3079.93,2155.95
2023-10,facebook_ads,5,73,2892.42,2024.69
2023-10,facebook_ads,6,67,2660.15,1862.1
2023-10,facebook_ads,7,61,2473.88,1731.72
2023-10,facebook_ads,8,56,2288.95,1602.26
2023-10,facebook_ads,9,52,1973.73,1381.61
2023-10,facebook_ads,10,48,1921.31,1344.92
2023-10,facebook_ads,11,44,1675.48,1172.84
2023-10,facebook_ads,12,40,1491.9,1044.33
2023-11,facebook_ads,0,117,4495.3,3146.71
2023-11,facebook_ads,1,108,4227.59,2959.31
2023-11,facebook_ads,2,100,3827.6,2679.32
2023-11,facebook_ads,3,92,3718.91,2603.24
2023-11,facebook_ads,4,84,3247.62,2273.33
2023-11,facebook_ads,5,77,3095.15,2166.6
2023-11,facebook_ads,6,71,2773.99,1941.79
2023-11,facebook_ads,7,66,2512.02,1758.41
2023-11,facebook_ads,8,60,2294.91,1606.44
2023-11,facebook_ads,9,55,2220.04,1554.03
2023-11,facebook_ads,10,51,2030.87,1421.61
2023-11,facebook_ads,11,47,1950.25,1365.18
2023-11,facebook_ads,12,43,1764.25,1234.97
2023-12,facebook_ads,0,124,4615.19,3230.63
2023-12,facebook_ads,1,113,4623.29,3236.3
2023-12,facebook_ads,2,103,4179.08,2925.36
2023-12,facebook_ads,3,94,3579.4,2505.58
2023-12,facebook_ads,4,87,3441.58,2409.11
2023-12,facebook_ads,5,80,3238.59,2267.01
2023-12,facebook_ads,6,72,2802.79,1961.95
2023-12,facebook_ads,7,67,2703.42,1892.39
2023-12,facebook_ads,8,62,2506.93,1754.85
2023-12,facebook_ads,9,57,2271.43,1590.0
2023-12,facebook_ads,10,53,2098.71,1469.1
2023-12,facebook_ads,11,48,1922.01,1345.41
2023-12,facebook_ads,12,45,1806.62,1264.63
2022-01,seo,0,116,6199.28,4711.45
2022-01,seo,1,112,5873.19,4463.62
2022-01,seo,2,107,5986.07,4549.41
2022-01,seo,3,103,5541.78,4211.75
2022-01,seo,4,99,5536.94,4208.07
2022-01,seo,5,95,5534.29,4206.06
2022-01,seo,6,92,5197.73,3950.27
2022-01,seo,7,89,4874.81,3704.86
2022-01,seo,8,85,4801.96,3649.49
2022-01,seo,9,81,4338.45,3297.22
2022-01,seo,10,79,4452.7,3384.05
2022-01,seo,11,76,4091.09,3109.23
2022-01,seo,12,73,3878.96,2948.01
2022-02,seo,0,123,6556.55,4982.98
2022-02,seo,1,118,6343.29,4820.9
2022-02,seo,2,114,6013.92,4570.58
2022-02,seo,3,109,5782.99,4395.07
2022-02,seo,4,105,5639.67,4286.15
2022-02,seo,5,101,5782.89,4395.0
2022-02,seo,6,97,5367.49,4079.29
2022-02,seo,7,93,5071.15,3854.07
2022-02,seo,8,90,5196.0,3948.96
2022-02,seo,9,86,4781.52,3633.96
2022-02,seo,10,82,4545.02,3454.22
2022-02,seo,11,80,4437.93,3372.83
2022-02,seo,12,76,4082.83,3102.95
2022-03,seo,0,131,6989.52,5312.04
2022-03,seo,1,125,6648.83,5053.11
2022-03,seo,2,121,6839.75,5198.21
2022-03,seo,3,116,6533.07,4965.13
2022-03,seo,4,112,6424.4,4882.54
2022-03,seo,5,108,5885.85,4473.25
2022-03,seo,6,104,6026.19,4579.9
2022-03,seo,7,99,5519.1,4194.52
2022-03,seo,8,95,5277.85,4011.17
2022-03,seo,9,91,4851.38,3687.05
2022-03,seo,10,88,4671.63,3550.44
2022-03,seo,11,84,4780.99,3633.55
2022-03,seo,12,81,4255.12,3233.89
2022-04,seo,0,116,6228.87,4733.94
2022-04,seo,1,111,5894.23,4479.61
2022-04,seo,2,106,5915.15,4495.51
2022-04,seo,3,103,5614.52,4267.04
2022-04,seo,4,99,5515.74,4191.96
2022-04,seo,5,95,5472.6,4159.18
2022-04,seo,6,91,5301.6,4029.22
2022-04,seo,7,88,4699.56,3571.67
2022-04,seo,8,84,4455.22,3385.97
2022-04,seo,9,80,4387.13,3334.22
2022-04,seo,10,77,4408.79,3350.68
2022-04,seo,11,74,4194.07,3187.49
2022-04,seo,12,71,3765.35,2861.67
2022-05,seo,0,121,6437.73,4892.67
2022-05,seo,1,116,6289.02,4779.66
2022-05,seo,2,111,6196.1,4709.04
2022-05,seo,3,106,5640.16,4286.52
2022-05,seo,4,101,5845.77,4442.79
2022-05,seo,5,98,5453.7,4144.81
2022-05,seo,6,94,5006.74,3805.12
2022-05,seo,7,90,4927.76,3745.1
2022-05,seo,8,87,4745.4,3606.5
2022-05,seo,9,84,4429.53,3366.44
2022-05,seo,10,81,4700.73,3572.55
2022-05,seo,11,78,4520.62,3435.67
2022-05,seo,12,75,4080.34,3101.06
2022-06,seo,0,114,6232.07,4736.37
2022-06,seo,1,110,6145.27,4670.41
2022-06,seo,2,106,5919.22,4498.61
2022-06,seo,3,102,5421.52,4120.36
2022-06,seo,4,98,5584.12,4243.93
2022-06,seo,5,95,4996.73,3797.51
2022-06,seo,6,90,4778.47,3631.64
2022-06,seo,7,87,5030.56,3823.23
2022-06,seo,8,84,4464.74,3393.2
2022-06,seo,9,81,4386.4,3333.66
2022-06,seo,10,78,4407.85,3349.97
2022-06,seo,11,76,4185.92,3181.3
2022-06,seo,12,72,4124.96,3134.97
2022-07,seo,0,138,7442.95,5656.64
2022-07,seo,1,132,7310.58,5556.04
2022-07,seo,2,127,6760.71,5138.14
2022-07,seo,3,122,6688.5,5083.26
2022-07,seo,4,118,6404.38,4867.33
2022-07,seo,5,113,6454.64,4905.53
2022-07,seo,6,109,6157.26,4679.52
2022-07,seo,7,105,5752.73,4372.07
2022-07,seo,8,101,5313.76,4038.46
2022-07,seo,9,97,5525.49,4199.37
2022-07,seo,10,94,5221.33,3968.21
2022-07,seo,11,91,4777.12,3630.61
2022-07,seo,12,88,5076.73,3858.31
2022-08,seo,0,120,6903.32,5246.52
2022-08,seo,1,115,6102.29,4637.74
2022-08,seo,2,111,6077.48,4618.88
2022-08,seo,3,106,5614.27,4266.85
2022-08,seo,4,102,5430.93,4127.51
2022-08,seo,5,98,5554.04,4221.07
2022-08,seo,6,94,5155.79,3918.4
2022-08,seo,7,91,5008.09,3806.15
2022-08,seo,8,87,5010.09,3807.67
2022-08,seo,9,83,4745.18,3606.34
2022-08,seo,10,80,4530.93,3443.51
2022-08,seo,11,77,4176.39,3174.06
2022-08,seo,12,74,3912.75,2973.69
2022-09,seo,0,143,7834.7,5954.37
2022-09,seo,1,137,7674.2,5832.39
2022-09,seo,2,131,7331.61,5572.02
2022-09,seo,3,126,6647.41,5052.03
2022-09,seo,4,121,6449.22,4901.41
2022-09,seo,5,116,6418.81,4878.3
2022-09,seo,6,111,5872.12,4462.81
2022-09,seo,7,108,6078.16,4619.4
2022-09,seo,8,104,5505.77,4184.39
2022-09,seo,9,101,5819.88,4423.11
2022-09,seo,10,97,5260.88,3998.27
2022-09,seo,11,93,5071.34,3854.22
2022-09,seo,12,89,5016.62,3812.63
2022-10,seo,0,151,8034.35,6106.11
2022-10,seo,1,145,8156.11,6198.64
2022-10,seo,2,139,7517.32,5713.16
2022-10,seo,3,135,7136.52,5423.76
2022-10,seo,4,129,6979.23,5304.21
2022-10,seo,5,124,6917.53,5257.32
2022-10,seo,6,119,6388.21,4855.04
2022-10,seo,7,115,6433.37,4889.36
2022-10,seo,8,110,6186.38,4701.65
2022-10,seo,9,106,5596.13,4253.06
2022-10,seo,10,102,5778.17,4391.41
2022-10,seo,11,98,5670.32,4309.44
2022-10,seo,12,94,5241.59,3983.61
2022-11,seo,0,145,8223.64,6249.97
2022-11,seo,1,139,7372.93,5603.43
2022-11,seo,2,134,7696.81,5849.58
2022-11,seo,3,129,7032.49,5344.69
2022-11,seo,4,124,6816.81,5180.78
2022-11,seo,5,119,6880.86,5229.45
2022-11,seo,6,115,6117.37,4649.2
2022-11,seo,7,111,6375.85,4845.65
2022-11,seo,8,107,5768.68,4384.2
2022-11,seo,9,102,5853.81,4448.9
2022-11,seo,10,98,5639.39,4285.94
2022-11,seo,11,94,5355.44,4070.13
2022-11,seo,12,91,5198.05,3950.52
2022-12,seo,0,164,9269.36,7044.71
2022-12,seo,1,157,8381.8,6370.17
2022-12,seo,2,151,8731.23,6635.73
2022-12,seo,3,144,7605.56,5780.23
2022-12,seo,4,139,7413.78,5634.47
2022-12,seo,5,134,7619.6,5790.9
2022-12,seo,6,129,7132.58,5420.76
2022-12,seo,7,124,6988.85,5311.53
2022-12,seo,8,119,6626.35,5036.03
2022-12,seo,9,114,6188.96,4703.61
2022-12,seo,10,110,6186.82,4701.98
2022-12,seo,11,105,5894.81,4480.06
2022-12,seo,12,101,5387.66,4094.62
2023-01,seo,0,142,7426.79,5644.36
2023-01,seo,1,137,7706.43,5856.89
2023-01,seo,2,131,6918.29,5257.9
2023-01,seo,3,126,7149.68,5433.76
2023-01,seo,4,121,6737.95,5120.84
2023-01,seo,5,116,6503.15,4942.39
2023-01,seo,6,112,6117.4,4649.22
2023-01,seo,7,108,5983.48,4547.44
2023-01,seo,8,104,5908.93,4490.79
2023-01,seo,9,101,5707.19,4337.46
2023-01,seo,10,97,5623.86,4274.13
2023-01,seo,11,94,5091.61,3869.62
2023-01,seo,12,91,4907.83,3729.95
2023-02,seo,0,148,8544.02,6493.46
2023-02,seo,1,142,7802.6,5929.98
2023-02,seo,2,136,7815.63,5939.88
2023-02,seo,3,131,7152.64,5436.01
2023-02,seo,4,126,7099.72,5395.79
2023-02,seo,5,122,6818.91,5182.37
2023-02,seo,6,118,6684.41,5080.15
2023-02,seo,7,114,6332.11,4812.4
2023-02,seo,8,109,6125.56,4655.43
2023-02,seo,9,106,5886.76,4473.94
2023-02,seo,10,102,5648.09,4292.55
2023-02,seo,11,98,5489.27,4171.85
2023-02,seo,12,94,5051.34,3839.02
2023-03,seo,0,195,10723.13,8149.58
2023-03,seo,1,188,9911.42,7532.68
2023-03,seo,2,181,10279.47,7812.4
2023-03,seo,3,174,9868.08,7499.74
2023-03,seo,4,167,9169.74,6969.0
2023-03,seo,5,162,8758.33,6656.33
2023-03,seo,6,155,8226.54,6252.17
2023-03,seo,7,150,8362.15,6355.23
2023-03,seo,8,144,8339.77,6338.23
2023-03,seo,9,138,7711.19,5860.5
2023-03,seo,10,133,7420.41,5639.51
2023-03,seo,11,127,6750.82,5130.62
2023-03,seo,12,122,6988.87,5311.54
2023-04,seo,0,176,9749.57,7409.67
2023-04,seo,1,169,9008.96,6846.81
2023-04,seo,2,162,8815.25,6699.59
2023-04,seo,3,157,8258.8,6276.69
2023-04,seo,4,151,8120.53,6171.6
2023-04,seo,5,145,7830.78,5951.39
2023-04,seo,6,139,7463.71,5672.42
2023-04,seo,7,133,7637.77,5804.71
2023-04,seo,8,128,6833.36,5193.35
2023-04,seo,9,122,6734.11,5117.92
2023-04,seo,10,118,6268.24,4763.86
2023-04,seo,11,114,6433.97,4889.82
2023-04,seo,12,110,6013.58,4570.32
2023-05,seo,0,169,9541.79,7251.76
2023-05,seo,1,163,9076.89,6898.44
2023-05,seo,2,157,8892.14,6758.03
2023-05,seo,3,151,8709.27,6619.05
2023-05,seo,4,146,7696.66,5849.46
2023-05,seo,5,141,7582.26,5762.52
2023-05,seo,6,136,7799.07,5927.29
2023-05,seo,7,131,7066.29,5370.38
2023-05,seo,8,126,6900.18,5244.14
2023-05,seo,9,120,6360.61,4834.06
2023-05,seo,10,116,6099.49,4635.61
2023-05,seo,11,112,6438.11,4892.96
2023-05,seo,12,108,5996.39,4557.26
2023-06,seo,0,198,10723.76,8150.06
2023-06,seo,1,189,9927.97,7545.26
2023-06,seo,2,182,10474.76,7960.82
2023-06,seo,3,174,10043.97,7633.42
2023-06,seo,4,169,9231.43,7015.89
2023-06,seo,5,163,9186.04,6981.39
2023-06,seo,6,156,8379.23,6368.21
2023-06,seo,7,149,7997.91,6078.41
2023-06,seo,8,144,7898.77,6003.07
2023-06,seo,9,137,7665.76,5825.98
2023-06,seo,10,132,7026.27,5339.97
2023-06,seo,11,128,6865.73,5217.95
2023-06,seo,12,123,7050.24,5358.18
2023-07,seo,0,220,12128.3,9217.51
2023-07,seo,1,212,12114.46,9206.99
2023-07,seo,2,203,10734.24,8158.02
2023-07,seo,3,195,10813.25,8218.07
2023-07,seo,4,189,10365.19,7877.54
2023-07,seo,5,182,9680.16,7356.92
2023-07,seo,6,174,9918.83,7538.31
2023-07,seo,7,167,9166.1,6966.24
2023-07,seo,8,161,8994.19,6835.58
2023-07,seo,9,154,8146.23,6191.13
2023-07,seo,10,148,8445.26,6418.4
2023-07,seo,11,143,7533.26,5725.28
2023-07,seo,12,137,7335.39,5574.9
2023-08,seo,0,193,10259.09,7796.91
2023-08,seo,1,186,10494.89,7976.12
2023-08,seo,2,178,9550.66,7258.5
2023-08,seo,3,171,9782.49,7434.69
2023-08,seo,4,164,8791.0,6681.16
2023-08,seo,5,157,9110.18,6923.74
2023-08,seo,6,151,7937.72,6032.67
2023-08,seo,7,146,8027.3,6100.75
2023-08,seo,8,140,7742.49,5884.29
2023-08,seo,9,134,7127.02,5416.54
2023-08,seo,10,129,7354.02,5589.06
2023-08,seo,11,124,7052.68,5360.04
2023-08,seo,12,119,6371.84,4842.6
2023-09,seo,0,226,12165.41,9245.71
2023-09,seo,1,216,12008.62,9126.55
2023-09,seo,2,208,11786.03,8957.38
2023-09,seo,3,200,11481.31,8725.8
2023-09,seo,4,192,10238.08,7780.94
2023-09,seo,5,184,10472.54,7959.13
2023-09,seo,6,178,10159.16,7720.96
2023-09,seo,7,170,9181.16,6977.68
2023-09,seo,8,163,8659.34,6581.1
2023-09,seo,9,157,8397.43,6382.05
2023-09,seo,10,150,8430.9,6407.48
2023-09,seo,11,145,7972.35,6058.99
2023-09,seo,12,140,7383.97,5611.82
2023-10,seo,0,198,11220.62,8527.67
2023-10,seo,1,190,10964.87,8333.3
2023-10,seo,2,183,10575.62,8037.47
2023-10,seo,3,176,9815.08,7459.46
2023-10,seo,4,170,9710.76,7380.18
2023-10,seo,5,163,8701.63,6613.24
2023-10,seo,6,158,8765.71,6661.94
2023-10,seo,7,152,8563.61,6508.34
2023-10,seo,8,145,7686.6,5841.82
2023-10,seo,9,139,7457.36,5667.59
2023-10,seo,10,134,7609.31,5783.08
2023-10,seo,11,128,7239.46,5501.99
2023-10,seo,12,124,6816.25,5180.35
2023-11,seo,0,202,11064.74,8409.2
2023-11,seo,1,194,10699.63,8131.72
2023-11,seo,2,186,10089.89,7668.32
2023-11,seo,3,180,10117.31,7689.16
2023-11,seo,4,172,9114.82,6927.26
2023-11,seo,5,166,8833.35,6713.35
2023-11,seo,6,160,8785.27,6676.81
2023-11,seo,7,153,8596.55,6533.38
2023-11,seo,8,147,8014.98,6091.38
2023-11,seo,9,141,7771.89,5906.64
2023-11,seo,10,135,7555.53,5742.2
2023-11,seo,11,130,7330.89,5571.48
2023-11,seo,12,126,7073.98,5376.22
2023-12,seo,0,244,12983.69,9867.6
2023-12,seo,1,233,12504.89,9503.72
2023-12,seo,2,223,12045.83,9154.83
2023-12,seo,3,215,12059.24,9165.02
2023-12,seo,4,206,11156.82,8479.18
2023-12,seo,5,199,10470.53,7957.6
2023-12,seo,6,192,10752.63,8172.0
2023-12,seo,7,184,10511.29,7988.58
2023-12,seo,8,176,9999.54,7599.65
2023-12,seo,9,169,9107.9,6922.0
2023-12,seo,10,162,9086.2,6905.51
2023-12,seo,11,156,8253.95,6273.0
2023-12,seo,12,150,8234.1,6257.92
2022-01,email,0,42,1814.42,1342.67
2022-01,email,1,40,1841.03,1362.36
2022-01,email,2,39,1700.52,1258.38
2022-01,email,3,38,1712.52,1267.26
2022-01,email,4,37,1584.07,1172.21
2022-01,email,5,36,1536.86,1137.28
2022-01,email,6,35,1558.71,1153.45
2022-01,email,7,34,1402.62,1037.94
2022-01,email,8,33,1459.0,1079.66
2022-01,email,9,32,1434.81,1061.76
2022-01,email,10,31,1403.13,1038.32
2022-01,email,11,30,1346.11,996.12
2022-01,email,12,29,1230.13,910.3
2022-02,email,0,44,1799.75,1331.82
2022-02,email,1,42,1802.96,1334.19
2022-02,email,2,41,1750.27,1295.2
2022-02,email,3,40,1781.78,1318.52
2022-02,email,4,39,1765.76,1306.66
2022-02,email,5,38,1672.42,1237.59
2022-02,email,6,37,1660.15,1228.51
2022-02,email,7,36,1491.42,1103.65
2022-02,email,8,35,1561.47,1155.49
2022-02,email,9,34,1492.5,1104.45
2022-02,email,10,33,1483.59,1097.86
2022-02,email,11,32,1331.51,985.32
2022-02,email,12,31,1362.76,1008.44
2022-03,email,0,46,1897.66,1404.27
2022-03,email,1,44,1948.23,1441.69
2022-03,email,2,43,1927.24,1426.16
2022-03,email,3,41,1806.9,1337.11
2022-03,email,4,40,1722.19,1274.42
2022-03,email,5,39,1752.88,1297.13
2022-03,email,6,38,1721.95,1274.24
2022-03,email,7,37,1628.57,1205.14
2022-03,email,8,36,1578.76,1168.28
2022-03,email,9,35,1478.09,1093.79
2022-03,email,10,34,1416.9,1048.51
2022-03,email,11,33,1433.64,1060.89
2022-03,email,12,32,1456.16,1077.56
2022-04,email,0,50,2202.37,1629.75
2022-04,email,1,48,2117.71,1567.11
2022-04,email,2,47,1988.63,1471.59
2022-04,email,3,46,1978.53,1464.11
2022-04,email,4,45,1866.32,1381.08
2022-04,email,5,43,1974.33,1461.0
2022-04,email,6,42,1832.01,1355.69
2022-04,email,7,41,1808.42,1338.23
2022-04,email,8,40,1690.78,1251.18
2022-04,email,9,39,1609.1,1190.73
2022-04,email,10,38,1605.99,1188.43
2022-04,email,11,37,1549.36,1146.53
2022-04,email,12,36,1617.1,1196.65
2022-05,email,0,45,1937.45,1433.71
2022-05,email,1,43,1965.53,1454.49
2022-05,email,2,42,1757.36,1300.45
2022-05,email,3,41,1711.19,1266.28
2022-05,email,4,40,1733.68,1282.92
2022-05,email,5,39,1677.36,1241.25
2022-05,email,6,37,1708.86,1264.56
2022-05,email,7,36,1552.26,1148.67
2022-05,email,8,35,1532.9,1134.35
2022-05,email,9,34,1564.13,1157.46
2022-05,email,10,33,1473.83,1090.63
2022-05,email,11,33,1465.57,1084.52
2022-05,email,12,31,1418.57,1049.74
2022-06,email,0,43,1874.22,1386.92
2022-06,email,1,41,1760.47,1302.75
2022-06,email,2,40,1778.63,1316.19
2022-06,email,3,39,1642.45,1215.41
2022-06,email,4,38,1654.87,1224.6
2022-06,email,5,37,1556.13,1151.54
2022-06,email,6,36,1612.76,1193.44
2022-06,email,7,35,1470.43,1088.12
2022-06,email,8,34,1559.74,1154.21
2022-06,email,9,33,1475.72,1092.03
2022-06,email,10,32,1424.12,1053.85
2022-06,email,11,32,1395.95,1033.0
2022-06,email,12,31,1348.88,998.17
2022-07,email,0,51,2242.12,1659.17
2022-07,email,1,49,2224.65,1646.24
2022-07,email,2,48,2093.58,1549.25
2022-07,email,3,47,1935.01,1431.91
2022-07,email,4,46,1938.16,1434.24
2022-07,email,5,44,1938.39,1434.41
2022-07,email,6,43,1806.29,1336.65
2022-07,email,7,42,1794.97,1328.28
2022-07,email,8,41,1795.94,1329.0
2022-07,email,9,39,1747.34,1293.03
2022-07,email,10,38,1696.18,1255.17
2022-07,email,11,37,1592.35,1178.34
2022-07,email,12,36,1565.96,1158.81
2022-08,email,0,44,1953.0,1445.22
2022-08,email,1,42,1909.72,1413.19
2022-08,email,2,41,1750.77,1295.57
2022-08,email,3,40,1709.6,1265.1
2022-08,email,4,39,1716.53,1270.23
2022-08,email,5,37,1611.72,1192.67
2022-08,email,6,37,1580.01,1169.21
2022-08,email,7,36,1611.8,1192.73
2022-08,email,8,35,1457.69,1078.69
2022-08,email,9,34,1495.09,1106.37
2022-08,email,10,33,1407.84,1041.8
2022-08,email,11,32,1383.12,1023.51
2022-08,email,12,31,1382.94,1023.38
2022-09,email,0,48,2036.05,1506.68
2022-09,email,1,46,2109.25,1560.84
2022-09,email,2,45,1992.38,1474.36
2022-09,email,3,44,1903.97,1408.94
2022-09,email,4,43,1861.91,1377.81
2022-09,email,5,41,1780.67,1317.7
2022-09,email,6,40,1675.61,1239.95
2022-09,email,7,39,1652.34,1222.73
2022-09,email,8,38,1712.22,1267.04
2022-09,email,9,37,1589.08,1175.92
2022-09,email,10,36,1512.02,1118.89
2022-09,email,11,35,1494.01,1105.57
2022-09,email,12,34,1489.92,1102.54
2022-10,email,0,43,1938.49,1434.48
2022-10,email,1,41,1883.54,1393.82
2022-10,email,2,40,1731.72,1281.47
2022-10,email,3,39,1712.13,1266.98
2022-10,email,4,38,1671.21,1236.7
2022-10,email,5,37,1657.46,1226.52
2022-10,email,6,36,1556.08,1151.5
2022-10,email,7,35,1487.49,1100.74
2022-10,email,8,34,1419.7,1050.58
2022-10,email,9,33,1412.56,1045.29
2022-10,email,10,32,1407.71,1041.71
2022-10,email,11,31,1373.2,1016.17
2022-10,email,12,30,1320.79,977.38
2022-11,email,0,43,1846.95,1366.74
2022-11,email,1,41,1887.58,1396.81
2022-11,email,2,40,1764.15,1305.47
2022-11,email,3,39,1713.26,1267.81
2022-11,email,4,38,1632.38,1207.96
2022-11,email,5,37,1605.93,1188.39
2022-11,email,6,36,1521.63,1126.01
2022-11,email,7,35,1576.32,1166.48
2022-11,email,8,34,1474.0,1090.76
2022-11,email,9,33,1370.82,1014.41
2022-11,email,10,32,1328.29,982.93
2022-11,email,11,31,1308.01,967.93
2022-11,email,12,30,1353.87,1001.86
2022-12,email,0,59,2527.53,1870.37
2022-12,email,1,57,2451.64,1814.21
2022-12,email,2,55,2400.57,1776.42
2022-12,email,3,53,2265.72,1676.63
2022-12,email,4,52,2315.33,1713.34
2022-12,email,5,51,2197.71,1626.31
2022-12,email,6,49,2150.4,1591.3
2022-12,email,7,48,2167.01,1603.59
2022-12,email,8,46,2077.2,1537.13
2022-12,email,9,45,1964.88,1454.01
2022-12,email,10,43,1831.89,1355.6
2022-12,email,11,42,1906.96,1411.15
2022-12,email,12,41,1853.29,1371.43
2023-01,email,0,58,2384.88,1764.81
2023-01,email,1,56,2403.65,1778.7
2023-01,email,2,54,2378.0,1759.72
2023-01,email,3,52,2164.75,1601.92
2023-01,email,4,51,2252.38,1666.76
2023-01,email,5,49,2186.13,1617.74
2023-01,email,6,48,2049.41,1516.56
2023-01,email,7,47,2097.25,1551.96
2023-01,email,8,46,1924.74,1424.31
2023-01,email,9,44,1824.72,1350.29
2023-01,email,10,43,1890.05,1398.64
2023-01,email,11,41,1763.12,1304.71
2023-01,email,12,40,1798.82,1331.13
2023-02,email,0,57,2509.94,1857.36
2023-02,email,1,55,2450.29,1813.21
2023-02,email,2,53,2354.15,1742.07
2023-02,email,3,52,2325.09,1720.57
2023-02,email,4,50,2092.5,1548.45
2023-02,email,5,49,2031.8,1503.53
2023-02,email,6,47,2044.48,1512.92
2023-02,email,7,46,1982.95,1467.38
2023-02,email,8,45,2024.12,1497.85
2023-02,email,9,44,1819.92,1346.74
2023-02,email,10,42,1844.88,1365.21
2023-02,email,11,41,1716.45,1270.17
2023-02,email,12,40,1793.4,1327.12
2023-03,email,0,53,2176.5,1610.61
2023-03,email,1,51,2201.77,1629.31
2023-03,email,2,50,2107.0,1559.18
2023-03,email,3,49,2172.28,1607.49
2023-03,email,4,47,2022.29,1496.49
2023-03,email,5,45,1942.23,1437.25
2023-03,email,6,44,1869.88,1383.71
2023-03,email,7,43,1955.85,1447.33
2023-03,email,8,42,1786.8,1322.23
2023-03,email,9,40,1693.22,1252.98
2023-03,email,10,39,1705.08,1261.76
2023-03,email,11,38,1671.78,1237.12
2023-03,email,12,37,1540.48,1139.96
2023-04,email,0,50,2094.52,1549.94
2023-04,email,1,48,2153.21,1593.38
2023-04,email,2,47,2032.82,1504.29
2023-04,email,3,45,1895.06,1402.34
2023-04,email,4,44,1862.11,1377.96
2023-04,email,5,43,1812.4,1341.18
2023-04,email,6,42,1829.59,1353.9
2023-04,email,7,40,1806.2,1336.59
2023-04,email,8,39,1629.97,1206.18
2023-04,email,9,38,1591.97,1178.06
2023-04,email,10,37,1657.59,1226.62
2023-04,email,11,36,1638.24,1212.3
2023-04,email,12,35,1507.55,1115.59
2023-05,email,0,51,2152.71,1593.01
2023-05,email,1,49,2109.03,1560.68
2023-05,email,2,48,2154.56,1594.37
2023-05,email,3,47,2086.7,1544.16
2023-05,email,4,45,1951.64,1444.21
2023-05,email,5,44,1879.52,1390.84
2023-05,email,6,42,1766.51,1307.22
2023-05,email,7,41,1786.59,1322.08
2023-05,email,8,40,1762.41,1304.18
2023-05,email,9,39,1604.0,1186.96
2023-05,email,10,38,1680.16,1243.32
2023-05,email,11,37,1671.17,1236.67
2023-05,email,12,36,1618.34,1197.57
2023-06,email,0,54,2275.11,1683.58
2023-06,email,1,52,2328.51,1723.1
2023-06,email,2,51,2099.2,1553.41
2023-06,email,3,49,2237.29,1655.59
2023-06,email,4,48,2065.65,1528.58
2023-06,email,5,47,1963.28,1452.83
2023-06,email,6,45,1942.14,1437.18
2023-06,email,7,44,1971.43,1458.86
2023-06,email,8,43,1927.82,1426.59
2023-06,email,9,42,1757.73,1300.72
2023-06,email,10,40,1751.92,1296.42
2023-06,email,11,39,1653.61,1223.67
2023-06,email,12,38,1669.59,1235.5
2023-07,email,0,60,2486.24,1839.82
2023-07,email,1,58,2564.23,1897.53
2023-07,email,2,56,2473.54,1830.42
2023-07,email,3,55,2422.68,1792.78
2023-07,email,4,53,2401.88,1777.39
2023-07,email,5,52,2221.32,1643.78
2023-07,email,6,51,2111.08,1562.2
2023-07,email,7,49,2085.0,1542.9
2023-07,email,8,48,1968.43,1456.64
2023-07,email,9,46,1980.26,1465.39
2023-07,email,10,45,1890.96,1399.31
2023-07,email,11,44,1909.82,1413.27
2023-07,email,12,43,1864.95,1380.06
2023-08,email,0,65,2658.02,1966.93
2023-08,email,1,63,2843.54,2104.22
2023-08,email,2,61,2687.95,1989.08
2023-08,email,3,59,2641.73,1954.88
2023-08,email,4,57,2498.7,1849.04
2023-08,email,5,56,2323.23,1719.19
2023-08,email,6,54,2419.46,1790.4
2023-08,email,7,53,2197.04,1625.81
2023-08,email,8,51,2117.02,1566.59
2023-08,email,9,50,2225.07,1646.55
2023-08,email,10,48,2072.96,1533.99
2023-08,email,11,47,1946.13,1440.14
2023-08,email,12,46,2023.57,1497.44
2023-09,email,0,65,2892.0,2140.08
2023-09,email,1,63,2836.65,2099.12
2023-09,email,2,61,2719.21,2012.22
2023-09,email,3,59,2545.69,1883.81
2023-09,email,4,58,2395.41,1772.6
2023-09,email,5,56,2377.95,1759.68
2023-09,email,6,55,2430.47,1798.55
2023-09,email,7,53,2203.94,1630.92
2023-09,email,8,51,2331.3,1725.16
2023-09,email,9,50,2270.96,1680.51
2023-09,email,10,48,2200.52,1628.38
2023-09,email,11,47,2024.24,1497.94
2023-09,email,12,46,1938.27,1434.32
2023-10,email,0,59,2568.06,1900.36
2023-10,email,1,57,2479.23,1834.63
2023-10,email,2,55,2473.0,1830.02
2023-10,email,3,54,2302.45,1703.81
2023-10,email,4,52,2205.63,1632.17
2023-10,email,5,51,2291.38,1695.62
2023-10,email,6,49,2135.4,1580.2
2023-10,email,7,48,2117.94,1567.28
2023-10,email,8,47,1952.98,1445.21
2023-10,email,9,45,2001.93,1481.43
2023-10,email,10,44,1851.32,1369.98
2023-10,email,11,43,1865.92,1380.78
2023-10,email,12,42,1812.46,1341.22
2023-11,email,0,73,3005.98,2224.43
2023-11,email,1,71,3150.89,2331.66
2023-11,email,2,69,2986.33,2209.88
2023-11,email,3,67,2759.08,2041.72
2023-11,email,4,65,2802.76,2074.04
2023-11,email,5,63,2622.5,1940.65
2023-11,email,6,61,2789.32,2064.1
2023-11,email,7,60,2671.48,1976.9
2023-11,email,8,58,2629.32,1945.7
2023-11,email,9,56,2560.14,1894.5
2023-11,email,10,55,2420.99,1791.53
2023-11,email,11,53,2310.79,1709.98
2023-11,email,12,51,2221.13,1643.64
2023-12,email,0,70,2881.5,2132.31
2023-12,email,1,67,3063.26,2266.81
2023-12,email,2,66,2931.74,2169.49
2023-12,email,3,64,2881.3,2132.16
2023-12,email,4,62,2676.71,1980.77
2023-12,email,5,60,2652.0,1962.48
2023-12,email,6,58,2514.61,1860.81
2023-12,email,7,56,2383.46,1763.76
2023-12,email,8,55,2413.43,1785.94
2023-12,email,9,53,2329.2,1723.61
2023-12,email,10,52,2243.82,1660.43
2023-12,email,11,50,2082.89,1541.34
2023-12,email,12,49,2222.58,1644.71
